game_id,total_game_day_revenue,predicted_total_revenue,revenue_prediction_error
5392,3738744.67,3809726.97,70982.30000000028
6020,3967603.85,3846532.85,-121071.0
4921,4262349.69,4356389.88,94040.18999999948
5078,4205819.4,4015200.97,-190618.43000000017
5549,4387308.0,4234933.84,-152374.16000000015
5235,3923898.57,4048381.59,124483.02000000002
5706,4388336.74,4273119.07,-115217.66999999993
5863,4554771.27,4573001.34,18230.070000000298
5272,3489119.76,4016158.32,527038.56
4958,4156064.84,3864461.85,-291602.98999999976
5115,4241525.0,4006525.69,-234999.31000000006
6057,3830153.2,3677797.73,-152355.4700000002
5743,3516662.96,3490553.18,-26109.779999999795
5586,3141764.59,3306813.96,165049.3700000001
5429,3944573.88,4026984.25,82410.37000000011
5900,3546700.88,3455707.58,-90993.29999999981
5152,3877971.39,3946956.36,68984.96999999974
5937,3914576.73,3520125.6,-394451.1299999999
6094,3381832.4099999997,3466743.65,84911.24000000022
5309,3788009.1,3871252.7,83243.6000000001
5466,4150302.68,4043207.78,-107094.90000000037
5780,3429155.1799999997,3541279.95,112124.77000000048
4995,4032607.16,3962022.65,-70584.51000000024
5623,4222816.0,4005316.0,-217500.0
5032,3602361.5700000003,3808192.33,205830.75999999978
5346,3631419.56,3413939.95,-217479.60999999987
5817,3104956.38,3223486.39,118530.01000000024
5974,3594196.68,3550998.95,-43197.72999999998
5503,3161797.88,3237763.29,75965.41000000015
6131,3619132.23,4078782.7,459650.4700000002
5189,3882381.35,3903943.0,21561.649999999907
5660,3381563.49,3488239.88,106676.38999999966
6011,3898450.87,3809654.46,-88796.41000000015
5854,4537383.03,4479898.5,-57484.53000000026
5226,4115382.18,3827860.68,-287521.5
5697,3635038.46,3523097.84,-111940.62000000011
5069,4119808.07,3925253.1,-194554.96999999974
5540,3958909.87,4161662.36,202752.48999999976
5383,3502092.2800000003,3546950.43,44858.14999999991
5106,4242996.08,4257863.71,14867.629999999888
5263,4048825.32,4166849.09,118023.77000000002
5734,4292262.39,4217666.89,-74595.5
6048,4059012.1,4176559.06,117546.95999999996
4949,4107765.25,4138923.05,31157.799999999814
5577,3646425.74,3419774.46,-226651.28000000026
5891,3776190.61,3823723.02,47532.41000000015
5420,3645323.1,3807065.93,161742.83000000007
6085,3252416.2,3462847.6,210431.3999999999
5771,3692741.56,3616769.92,-75971.64000000013
5928,4281023.79,4236413.53,-44610.25999999978
5614,3666198.04,3520152.62,-146045.41999999993
5457,4184826.59,4079726.95,-105099.63999999966
5300,4144873.77,4059705.53,-85168.24000000022
5143,3854334.7,3906298.52,51963.81999999983
4986,4330448.02,4296098.91,-34349.109999999404
5651,3896435.98,3763914.54,-132521.43999999994
5023,3160833.1999999997,3527205.7,366372.50000000047
5494,4059475.56,4062537.62,3062.060000000056
5337,3178854.4299999997,3418054.9,239200.4700000002
5808,3915673.51,4088411.29,172737.78000000026
5180,3839027.5,3865662.85,26635.350000000093
6122,4034834.04,4108374.93,73540.89000000013
5965,3226798.02,3212775.29,-14022.729999999981
5531,3032901.16,3334383.83,301482.6699999999
5845,4122154.939999999,3941957.3,-180197.6399999992
5374,3699239.3,3630215.41,-69023.88999999966
5060,3681869.91,3665494.83,-16375.080000000075
5217,3996126.46,3981774.62,-14351.839999999851
6002,3680455.37,3722122.12,41666.75
5688,3075576.08,3105366.57,29790.489999999758
5725,3836886.8,4025763.79,188876.99000000022
5097,4071148.09,4121829.8,50681.70999999996
5254,4330368.82,4120452.23,-209916.59000000032
5882,3584394.99,3593680.9,9285.909999999683
4940,4118596.59,3884831.65,-233764.93999999994
5568,4392686.92,4125808.21,-266878.70999999996
6039,3885307.99,4005799.29,120491.29999999981
5411,3373506.71,3507940.68,134433.9700000002
5919,4284734.63,4110666.93,-174067.69999999972
5605,3775845.93,3741496.83,-34349.10000000009
5291,4038460.17,3989158.61,-49301.560000000056
6076,3808108.7,3834530.57,26421.869999999646
4977,4121002.69,4215267.36,94264.67000000039
5134,4020065.04,4063490.13,43425.08999999985
5762,3539877.86,3685864.9,145987.04000000004
5448,3661456.02,3920045.8,258589.7799999998
5485,4004837.52,4034841.25,30003.72999999998
5171,3905648.35,4040775.65,135127.2999999998
5328,4065050.62,3916970.19,-148080.43000000017
5642,4187503.83,3998383.71,-189120.1200000001
5956,3625373.95,3557371.41,-68002.54000000004
5014,3531715.0300000003,3779371.51,247656.47999999952
5799,4012106.17,3895320.05,-116786.12000000011
6113,4117220.25,4239682.9,122462.65000000037
5208,4053198.23,3988619.19,-64579.04000000004
5522,3887341.99,3814228.05,-73113.94000000041
5993,3690407.48,3656856.69,-33550.79000000004
6150,3685926.72,4061402.72,375476.0
5365,3974223.81,3874761.34,-99462.4700000002
5051,4217990.12,3979706.96,-238283.16000000015
5679,3254212.96,3549036.16,294823.2000000002
5836,4495860.340000001,4450910.66,-44949.68000000063
5245,3676756.63,3797146.99,120390.36000000034
5873,3157346.04,3218517.88,61171.83999999985
5088,4269115.78,4413807.67,144691.88999999966
5716,4316198.6,4128468.81,-187729.78999999957
5402,3601469.61,3550501.46,-50968.14999999991
5559,4357892.92,4189179.26,-168713.66000000015
6030,3829586.49,3669501.16,-160085.33000000007
4931,3897595.91,3991491.45,93895.54000000004
6067,3757647.03,3620471.23,-137175.7999999998
5910,3558113.8,3474968.34,-83145.45999999996
5282,3375607.91,3701745.41,326137.5
4968,4035239.89,4017284.11,-17955.78000000026
5753,3579713.99,3469267.63,-110446.36000000034
5125,4412257.68,4080333.23,-331924.4499999997
5596,3570529.76,3536392.51,-34137.25
5439,3986125.69,4086950.12,100824.43000000017
5005,3758944.35,3661203.97,-97740.37999999989
5790,3696387.99,3815210.88,118822.88999999966
6104,3714777.77,3306144.52,-408633.25
5947,3361110.82,3282237.17,-78873.6499999999
5633,3824611.84,3671925.01,-152686.83000000007
5319,3979344.21,3830643.58,-148700.6299999999
5162,3788792.290000001,3859940.92,71148.62999999896
5476,3582916.26,3850458.14,267541.88000000035
5042,3877811.01,3776769.81,-101041.19999999972
5827,4590210.19,4562498.81,-27711.38000000082
5670,3155024.38,3653525.29,498500.91000000015
6141,4086476.46,4054261.26,-32215.200000000186
5984,3879135.5499999993,3799780.84,-79354.7099999995
5199,3763082.28,3877926.18,114843.90000000037
5356,3583201.75,3595524.86,12323.10999999987
5513,3857743.810000001,3717540.18,-140203.63000000082
5707,3957705.94,3926370.47,-31335.46999999974
4922,4158499.33,3981453.51,-177045.8200000003
5079,4136918.18,3924320.88,-212597.30000000028
5236,3855741.100000001,3990196.41,134455.30999999912
5550,4264157.4,4331242.69,67085.29000000004
5864,3488665.35,3514496.37,25831.02000000002
6021,3961351.65,3983335.95,21984.30000000028
5393,3216367.67,3608785.61,392417.93999999994
5430,4131641.32,3936367.02,-195274.2999999998
5744,3761845.43,3672650.77,-89194.66000000015
4959,3941624.85,3993463.7,51838.85000000009
5901,3093976.16,3433256.87,339280.70999999996
6058,4210510.37,4228817.65,18307.28000000026
5273,4193513.84,4201421.62,7907.780000000261
5587,3740985.95,3751271.69,10285.739999999758
5116,4373833.45,4502432.14,128598.68999999948
5467,3949791.06,3974221.59,24430.529999999795
6095,3696457.56,3873631.68,177174.1200000001
5624,3856785.17,3638126.1,-218659.06999999983
5153,3591057.71,4079746.48,488688.77
5781,3710259.97,3670571.02,-39688.950000000186
4996,3692035.33,3844664.38,152629.0499999998
5310,3579550.76,3777017.8,197467.04000000004
5938,3769888.59,3729923.09,-39965.5
5347,3859914.11,3672374.18,-187539.9299999997
5975,3348333.5900000003,3282055.31,-66278.28000000026
5818,4077917.74,3787308.22,-290609.52
5033,3370243.32,3459756.47,89513.15000000037
5190,3740104.01,3870016.41,129912.40000000037
5504,3156737.5599999996,3589532.41,432794.85000000056
5661,3651955.26,3487891.95,-164063.3099999996
6132,4061552.09,3905661.22,-155890.86999999965
5855,4210453.1899999995,4028327.82,-182125.36999999965
5227,3898226.32,3776758.45,-121467.86999999965
5384,3696101.12,3557589.45,-138511.66999999993
5070,3936189.4899999993,4028018.05,91828.56000000052
5698,2850161.97,3117040.01,266878.0399999996
6012,3808567.25,3517331.9,-291235.3500000001
5541,3947285.35,3990929.81,43644.45999999996
5892,3755446.71,3690173.49,-65273.21999999974
4950,3855941.67,4106973.08,251031.41000000015
5421,4116481.77,4009462.27,-107019.5
5264,4177830.61,4225165.35,47334.73999999976
5735,4380384.7700000005,4312197.21,-68187.56000000052
5578,3820860.0,3739410.73,-81449.27000000002
5107,4478117.59,4373165.05,-104952.54000000004
6049,4095429.51,4142669.72,47240.21000000043
5929,4034038.63,4088892.02,54853.39000000013
5772,3816375.33,3865392.58,49017.25
5144,4301999.17,4149590.95,-152408.21999999974
6086,3813678.45,3852397.37,38718.919999999925
5615,3399287.8200000003,3436102.61,36814.78999999957
5458,4147454.65,4162089.86,14635.209999999963
4987,4250361.06,4252989.93,2628.8700000001118
5301,3737465.19,3928689.14,191223.9500000002
6123,4355484.18,4214496.6,-140987.58000000007
5338,3345295.71,3544716.2,199420.49000000022
5809,3862073.45,3707632.66,-154440.79000000004
5966,3651637.76,3584172.52,-67465.23999999976
5652,4138953.37,3919801.68,-219151.68999999994
5024,3283347.9,3584108.36,300760.45999999996
5181,4026570.5,4101673.21,75102.70999999996
5495,3599122.36,3859636.74,260514.38000000035
5846,4351449.02,4007749.29,-343699.7299999995
5689,3264846.29,3220181.52,-44664.77000000002
5532,3092124.14,3285278.92,193154.7799999998
5375,3526293.94,3507872.3,-18421.64000000013
5218,3873089.2,3798299.62,-74789.58000000007
5061,3632542.74,3701722.31,69179.56999999983
6003,3891584.71,3660741.11,-230843.6000000001
6040,3420230.99,3715243.95,295012.95999999996
5883,3480438.4299999997,3224093.74,-256344.68999999948
5255,4424960.4399999995,4291130.43,-133830.00999999978
5569,4220674.24,4158325.76,-62348.48000000045
5726,3951545.93,4015227.23,63681.299999999814
4941,3372148.4999999995,3649071.15,276922.6500000004
5098,4291617.78,3949282.25,-342335.53000000026
5412,3779912.28,3815456.39,35544.110000000335
4978,4141714.86,4180216.11,38501.25
5449,3551481.0900000003,3570939.13,19458.03999999957
5606,3309156.76,3221443.58,-87713.1799999997
5920,3908801.100000001,3877422.32,-31378.780000001192
5292,3939092.84,3903286.5,-35806.33999999985
6077,3724544.17,3855055.59,130511.41999999993
5135,4087117.57,4044525.3,-42592.27000000002
5763,3642547.38,3344759.53,-297787.8500000001
6114,4456844.75,4249324.97,-207519.78000000026
5957,3692627.33,3535953.35,-156673.97999999998
5172,3664250.36,3759303.54,95053.18000000017
5015,3919086.6,3464502.13,-454584.4700000002
5643,4156546.79,3991704.89,-164841.8999999999
5486,4202110.640000001,4231459.95,29349.30999999959
5800,4165661.95,4074705.92,-90956.03000000026
5329,3847385.65,3913195.42,65809.77000000002
5680,3396109.1,3399524.59,3415.489999999758
5523,3974582.14,3900976.21,-73605.93000000017
5209,4086142.19,4182402.07,96259.87999999989
5366,3917530.8,3921883.02,4352.220000000205
5837,4611286.7,4467608.38,-143678.3200000003
5994,3683842.21,3794137.27,110295.06000000006
5052,4245786.75,4155748.26,-90038.49000000022
5560,3978571.29,4151495.49,172924.2000000002
5717,4200663.87,4138266.1,-62397.77000000002
5089,4632441.17,4455017.83,-177423.33999999985
6031,3989087.69,4163313.29,174225.6000000001
5246,4055234.68,4043968.5,-11266.180000000168
5403,3877354.97,3637898.78,-239456.1900000004
5874,3429974.01,3421588.63,-8385.379999999888
4932,4181436.82,4002732.83,-178703.98999999976
5440,3901858.169999999,3829527.84,-72330.32999999914
5911,3320734.0700000003,3544752.56,224018.48999999976
5597,3312240.5900000003,3566370.47,254129.8799999999
5754,3452588.74,3637106.57,184517.8299999996
5283,3797280.5,3806269.78,8989.279999999795
4969,3993234.91,4129189.73,135954.81999999983
6068,3824933.85,3841266.74,16332.89000000013
5126,4112054.2,4217669.22,105615.01999999955
5477,3776262.99,3839383.4,63120.40999999968
6105,3730018.09,3609149.61,-120868.47999999998
5948,3113485.5,3282461.22,168975.7200000002
5791,3637990.54,3685939.88,47949.33999999985
5320,3869342.1,3703836.5,-165505.6000000001
5163,3683322.689999999,3570868.16,-112454.52999999886
5006,3271536.72,3308655.0,37118.279999999795
5634,3387263.19,3457857.29,70594.1000000001
5514,3435540.0500000003,3355403.44,-80136.61000000034
5200,3559735.38,3535542.9,-24192.47999999998
5828,4559219.619999999,4259158.22,-300061.39999999944
5671,3458556.7900000005,3463354.22,4797.429999999702
6142,4008032.56,4084695.49,76662.93000000017
5043,3320699.6100000003,3454019.59,133319.97999999952
5357,3575339.41,3586784.18,11444.770000000019
5985,3024131.41,3545044.99,520913.5800000001
5551,4433443.890000001,4346443.52,-87000.37000000104
5080,3641648.73,3772395.07,130746.33999999985
6022,3997334.9,3650534.82,-346800.0800000001
5708,4297169.46,4305589.54,8420.080000000075
5237,4336872.71,4220407.77,-116464.94000000041
4923,4330906.64,4327734.79,-3171.8499999996275
5394,3760075.57,3600921.3,-159154.27000000002
5865,3764306.78,3656702.58,-107604.19999999972
4960,4213996.4399999995,4208851.58,-5144.859999999404
5274,4130652.72,4007266.47,-123386.25
6059,4010880.15,4086827.16,75947.01000000024
5117,4660292.5200000005,4472405.12,-187887.40000000037
5431,3779392.8,3835778.86,56386.060000000056
5588,3502617.41,3442662.65,-59954.76000000024
5745,3367694.26,3641906.24,274211.98000000045
5902,3798559.12,3756014.97,-42544.14999999991
5625,3796409.22,4047475.62,251066.3999999999
4997,4202050.86,4270766.02,68715.15999999922
6096,3779381.12,3687341.31,-92039.81000000006
5939,3392408.04,3915536.51,523128.46999999974
5311,4084435.92,4029228.23,-55207.689999999944
5782,3688628.74,3962809.26,274180.51999999955
5154,4309876.98,4169533.86,-140343.12000000058
5468,4032745.46,4130314.95,97569.49000000022
6133,3210022.1100000003,3708420.6,498398.48999999976
5819,3762740.13,3624703.28,-138036.8500000001
5662,3471722.21,3490581.88,18859.669999999925
5348,3447547.6100000003,3438054.65,-9492.960000000428
5034,3239124.55,3103697.11,-135427.43999999994
5191,3962855.13,4005070.61,42215.47999999998
5505,3090891.85,3159080.38,68188.5299999998
5976,3168427.46,3478531.84,310104.3799999999
5385,3380209.51,3590866.44,210656.93000000017
5071,3747864.33,3829647.87,81783.54000000004
5228,3576241.74,3621851.67,45609.9299999997
5542,3735247.75,3995240.17,259992.41999999993
5699,3082250.62,3084613.4,2362.779999999795
5856,4479925.35,4280818.78,-199106.56999999937
6013,4000685.56,3576996.61,-423688.9500000002
5893,3583710.2899999996,3378028.14,-205682.14999999944
5265,4293425.03,4156301.47,-137123.56000000006
6050,3786186.0,3996593.0,210407.0
4951,4094832.94,3995292.96,-99539.97999999998
5579,3533010.01,3584690.04,51680.03000000026
5736,4317229.73,4205508.13,-111721.60000000056
5422,3349667.26,3649544.91,299877.6500000004
5108,4390123.16,4235068.79,-155054.3700000001
5459,4046427.32,4138459.77,92032.45000000019
5302,4039611.54,4025443.37,-14168.169999999925
5616,3613992.79,3682359.7,68366.91000000015
5773,3930553.11,3765092.67,-165460.43999999994
5930,4274772.18,4156844.28,-117927.8999999999
4988,4226404.649999999,4105939.72,-120464.92999999924
6087,3764389.249999999,3881017.87,116628.62000000104
5145,3683578.06,3941073.48,257495.41999999993
5967,3963794.19,3729782.92,-234011.27000000002
6124,4287425.390000001,3982321.91,-305103.48000000045
5653,4137420.71,4022335.19,-115085.52000000002
5810,3847774.98,3824767.26,-23007.720000000205
5025,3949465.23,3946358.2,-3107.029999999795
5496,3827043.310000001,3772096.91,-54946.40000000084
5182,4019869.2,4154869.61,135000.40999999968
5339,3671462.99,3604224.16,-67238.83000000007
5219,4263265.710000001,4374365.23,111099.51999999955
5847,4565666.71,4527246.42,-38420.29000000004
6004,3673475.11,3818352.54,144877.43000000017
5062,4122361.58,4172032.29,49670.70999999996
5376,3955531.02,3836990.09,-118540.93000000017
5690,3519779.8400000003,3709161.19,189381.34999999963
5533,3842450.979999999,3857598.52,15147.540000000969
5413,3898689.6600000006,3860477.61,-38212.050000000745
5099,4574186.36,4540756.43,-33429.93000000063
4942,4195531.13,4225445.43,29914.299999999814
5884,3634580.09,3501825.02,-132755.06999999983
5727,3902540.83,3854210.0,-48330.830000000075
5256,4177275.6,4057033.33,-120242.27000000002
6041,3857985.33,3872230.95,14245.620000000112
5570,3921952.18,4089059.54,167107.35999999987
4979,4103491.63,3987083.34,-116408.29000000004
6078,3777308.91,3492196.12,-285112.79000000004
5136,3945420.78,4078068.32,132647.54000000004
5921,3952682.64,3766735.2,-185947.43999999994
5607,3785887.07,3567967.18,-217919.88999999966
5764,3777337.83,3432291.08,-345046.75
5293,4030903.71,3958851.22,-72052.48999999976
5450,3920402.61,4029519.99,109117.38000000035
5016,3463353.09,3329710.72,-133642.36999999965
5330,3722646.36,3739352.76,16706.399999999907
5801,3527130.9300000006,3577295.97,50165.03999999957
5487,3858646.58,3885762.87,27116.290000000037
5173,3627198.69,3553897.71,-73300.97999999998
5644,3711751.21,3573057.7,-138693.50999999978
6115,3938638.05,3902972.34,-35665.70999999996
5958,3128524.29,3354238.26,225713.96999999974
5995,3651803.8,3913187.46,261383.66000000015
5524,3845959.74,3760110.98,-85848.76000000024
5053,3646592.19,3761984.46,115392.27000000002
5210,4008682.29,4223885.74,215203.4500000002
5367,3883367.02,3852133.59,-31233.430000000168
5681,3551525.7,3584037.28,32511.57999999961
5838,4537085.29,4584734.48,47649.19000000041
5247,3963781.17,4043191.1,79409.93000000017
4933,3870126.41,3942971.6,72845.18999999994
5875,3773215.3,3816711.01,43495.70999999996
6032,4370881.65,4310713.52,-60168.13000000082
5090,4643917.25,4591357.22,-52560.03000000026
5561,4358501.35,4204301.13,-154200.21999999974
5404,3947302.32,3861266.9,-86035.41999999993
5718,3989747.78,4002319.26,12571.479999999981
5127,4169053.06,4147306.8,-21746.260000000242
4970,4237846.0,4148509.14,-89336.85999999987
5441,3498171.6799999997,3769834.6,271662.9200000004
5755,3985390.15,3917308.9,-68081.25
5284,4593686.14,4399889.53,-193796.6099999994
6069,3916111.15,3918123.17,2012.0200000000186
5912,4120255.33,4168181.78,47926.44999999972
5598,3706333.48,3666566.48,-39767.0
6106,3854241.68,3672715.89,-181525.79000000004
5792,3929129.0,3949538.62,20409.62000000011
5478,4067585.0299999993,3910980.5,-156604.52999999933
5321,3964867.59,3945897.75,-18969.83999999985
5635,3792265.41,3555245.47,-237019.93999999994
5164,3843253.62,3968062.82,124809.19999999972
5007,3798838.97,3381440.35,-417398.6200000001
5949,3103983.8899999997,3266763.34,162779.4500000002
5986,3457321.08,3538782.1,81461.02000000002
5358,3439606.92,3436229.29,-3377.6299999998882
5515,3639453.96,3471924.64,-167529.31999999983
5201,3995528.58,3946055.08,-49473.5
5044,3776597.37,3777860.85,1263.4799999999814
5672,3295636.5300000003,3483432.56,187796.0299999998
5829,4397975.01,4316010.03,-81964.97999999952
6143,4177893.46,4427820.03,249926.5700000003
5081,4179799.45,3880269.4,-299530.0500000003
4924,3813096.45,3817974.33,4877.879999999888
5709,4168029.26,4057955.1,-110074.15999999968
5395,3855412.33,3620154.88,-235257.4500000002
5238,3806762.13,3703165.76,-103596.37000000011
6023,3695587.86,3585289.66,-110298.19999999972
5866,3551959.05,3591488.58,39529.53000000026
5552,4355853.76,4237090.65,-118763.1099999994
6060,4408636.16,4261023.09,-147613.0700000003
5432,4221896.119999999,4206355.85,-15540.269999999553
4961,3496033.36,3791579.66,295546.3000000003
5903,3731426.96,3694274.91,-37152.049999999814
5275,4393233.79,4366819.57,-26414.21999999974
5746,4050937.08,4001235.07,-49702.01000000024
5589,3843646.28,3700635.64,-143010.63999999966
5118,4137980.43,4487009.76,349029.3299999996
4998,4257509.98,4222606.02,-34903.960000000894
6097,3955041.05,3744568.96,-210472.08999999985
5469,4278756.350000001,4245983.18,-32773.17000000086
5940,4313223.79,4292724.17,-20499.62000000011
5312,3945067.22,3911055.29,-34011.93000000017
5783,4190435.84,4180496.04,-9939.799999999814
5155,4289869.97,4086944.35,-202925.61999999965
5626,4095936.84,3910496.94,-185439.8999999999
5977,3501625.3,3558132.96,56507.66000000015
5192,4160317.13,3978738.41,-181578.71999999974
5663,3417753.6100000003,3556288.45,138534.83999999985
5349,3853079.11,3555688.6,-297390.5099999998
5035,3655747.250000001,3747137.42,91390.169999999
5506,3811469.03,3816632.37,5163.340000000317
5820,4022004.78,3940992.27,-81012.50999999978
6134,4449091.55,4419698.18,-29393.37000000011
5700,4218472.08,4053308.24,-165163.83999999985
5229,3732403.99,3773289.78,40885.78999999957
5857,4505501.11,4486156.98,-19344.12999999989
5072,3861847.979999999,3622229.08,-239618.89999999898
6014,3814176.84,3711784.35,-102392.48999999976
5386,3333018.5,3270809.52,-62208.97999999998
5543,4191611.82,4261341.97,69730.1499999999
5109,4280040.92,4236121.24,-43919.6799999997
5894,3372695.03,3383156.89,10461.860000000335
5580,3587434.91,3435530.2,-151904.70999999996
5737,3706707.68,4024232.03,317524.3499999996
4952,3541356.4499999997,3817468.31,276111.86000000034
5266,3826552.78,3996359.42,169806.64000000013
5423,3549229.99,3435499.15,-113730.84000000032
6051,4031588.48,3977189.08,-54399.39999999991
5617,3140669.54,3402753.98,262084.43999999994
4989,4256976.08,4257835.62,859.5400000000373
5146,3108303.15,3503559.98,395256.8300000001
5774,3492491.2800000003,3492068.89,-422.3900000001304
6088,3679785.18,3570498.76,-109286.42000000039
5931,3262332.11,3511548.47,249216.36000000034
5460,4089979.19,3970543.15,-119436.04000000004
5303,3824262.34,3895061.77,70799.43000000017
5497,3930473.87,3765006.41,-165467.45999999996
5183,4208966.72,4195484.47,-13482.25
5654,3954827.96,4054441.14,99613.18000000017
5811,4025387.79,3842587.28,-182800.51000000024
5026,3491638.94,3543533.66,51894.720000000205
6125,4253074.79,3975284.04,-277790.75
5968,3625464.43,3570095.05,-55369.380000000354
5340,3550047.0400000005,3570410.9,20363.859999999404
5063,3993211.85,4283173.62,289961.77
5848,4375384.88,4370983.62,-4401.2599999997765
5377,3584870.18,3573584.09,-11286.090000000317
5691,3403038.8000000003,3479447.64,76408.83999999985
6005,3964312.82,4002055.95,37743.130000000354
5534,3729432.71,3777913.11,48480.39999999991
5220,4305122.720000001,4159687.04,-145435.68000000063
5728,4375131.99,4206280.98,-168851.00999999978
5571,4317164.9,4331549.96,14385.05999999959
5885,3708314.55,3850315.74,142001.1900000004
6042,4288872.2299999995,4101793.38,-187078.84999999963
5257,4305748.64,4439713.05,133964.41000000015
5100,4395349.92,4424557.05,29207.12999999989
5414,3546137.88,3797039.76,250901.8799999999
4943,4349947.23,4338237.03,-11710.200000000186
5922,4010455.14,4020750.53,10295.389999999665
5137,3581663.52,3879165.22,297501.7000000002
5294,3939894.39,3950925.76,11031.369999999646
5765,3562830.89,3719371.52,156540.6299999999
5608,3643985.94,3559972.15,-84013.79000000004
6079,3459916.5900000003,3465324.2,5407.60999999987
4980,3441054.15,3868937.59,427883.43999999994
5451,3762125.34,3728826.58,-33298.75999999978
5645,3686473.22,3593035.24,-93437.97999999998
5959,3049965.6999999997,3337929.16,287963.4600000004
5802,3833110.45,4028204.21,195093.75999999978
5174,3991071.33,3987165.33,-3906.0
5488,4147124.83,3946012.27,-201112.56000000006
5017,3373853.56,3290454.63,-83398.93000000017
6116,3767932.05,3807548.32,39616.27000000002
5331,3681781.35,3450069.32,-231712.03000000026
5996,4131550.38,3641711.48,-489838.8999999999
5368,3583749.7,3873423.5,289673.7999999998
5211,4282918.12,4259196.33,-23721.790000000037
5525,3573066.52,3329923.93,-243142.58999999985
5682,3620430.52,3502811.66,-117618.85999999987
5054,3666828.82,3711429.83,44601.01000000024
5839,4541341.58,4543188.65,1847.070000000298
6033,4327885.66,4202397.05,-125488.61000000034
5405,3872288.03,3720735.91,-151552.11999999965
5876,3537850.34,3556361.33,18510.990000000224
5719,4312962.74,4356765.12,43802.37999999989
5091,4332476.2,4342216.71,9740.509999999776
4934,4203735.88,4006946.12,-196789.75999999978
5248,4024793.53,4026248.46,1454.9300000001676
5562,4201706.85,4136254.43,-65452.41999999946
6070,3900343.77,3734001.74,-166342.0299999998
5756,3969408.59,3938411.17,-30997.419999999925
5599,3616949.65,3620645.06,3695.410000000149
5442,4135754.88,4110878.67,-24876.209999999963
4971,4112778.66,4132281.87,19503.209999999963
5913,4299285.95,4069787.6,-229498.3500000001
5128,4338022.26,4168859.43,-169162.8299999996
5285,4535508.95,4557998.01,22489.05999999959
5950,3753252.12,3731918.5,-21333.62000000011
5322,4123258.01,4102435.68,-20822.32999999961
5636,3897982.37,3990887.91,92905.54000000004
5793,3650950.39,3859195.28,208244.88999999966
6107,3876668.899999999,3837602.2,-39066.69999999879
5479,4209110.15,3944322.61,-264787.5400000005
5008,3811331.55,3626656.68,-184674.86999999965
5165,3645878.06,3984935.0,339056.93999999994
5987,3934777.06,3766428.45,-168348.60999999987
5045,3917513.32,3656669.3,-260844.02000000002
5202,4264850.59,4159521.78,-105328.81000000006
5673,3482840.54,3475421.19,-7419.350000000093
5830,4484911.739999999,4280682.91,-204228.82999999914
5359,3442779.19,3426214.94,-16564.25
6144,4002428.3,4291155.33,288727.03000000026
5516,2964106.19,3228858.84,264752.6499999999
5553,4300150.7700000005,4126308.38,-173842.3900000006
5082,3137015.34,3531385.69,394370.3500000001
5867,3532314.6399999997,3577908.39,45593.750000000466
4925,3930621.07,4068901.46,138280.39000000013
5239,3677020.1,3776790.12,99770.02000000002
5710,4288261.43,4313101.17,24839.740000000224
6024,3688683.23,3601102.5,-87580.72999999998
5396,3245286.0200000005,3350389.24,105103.21999999974
5119,4161149.52,4112978.0,-48171.52000000002
5747,3733278.66,3736569.25,3290.589999999851
5276,4123886.82,4146826.59,22939.77000000002
5904,3566982.16,3324648.21,-242333.9500000002
5433,3990669.44,3885164.58,-105504.85999999987
4962,4186805.709999999,4143172.63,-43633.07999999914
6061,4032549.95,4041282.25,8732.299999999814
5590,3424076.5,3519129.61,95053.10999999987
5941,3898285.38,3935221.47,36936.09000000032
5784,3617850.28,3811946.0,194095.7200000002
5313,4082496.86,4053814.26,-28682.600000000093
6098,4079620.66,3968057.26,-111563.40000000037
5156,4081082.14,3846949.51,-234132.63000000035
5470,4262925.54,4287994.64,25069.099999999627
5627,3925426.28,4029208.73,103782.45000000019
4999,4237017.63,4267732.19,30714.56000000052
5978,3573753.5500000003,3463596.79,-110156.76000000024
6135,4350569.3100000005,4176423.48,-174145.83000000054
5664,3637530.49,3601828.2,-35702.29000000004
5507,3709093.060000001,3587163.49,-121929.57000000076
5036,3424465.17,3649441.8,224976.6299999999
5350,3878429.08,3894012.53,15583.44999999972
5821,3787928.28,3810757.52,22829.240000000224
5193,4325329.38,4164585.67,-160743.70999999996
6015,3534390.65,3860620.92,326230.27
5544,4356483.05,4232419.55,-124063.5
5230,4098049.600000001,4050665.61,-47383.990000001155
5073,4055251.57,4100390.58,45139.01000000024
5858,4291422.4,4500892.75,209470.34999999963
5701,4202284.96,4216135.63,13850.669999999925
5387,3655744.19,3751309.78,95565.58999999985
5267,4192732.419999999,4189083.6,-3648.819999998901
5738,4293992.6,4096849.47,-197143.12999999942
6052,4139997.97,3926460.91,-213537.06000000006
5110,4658112.72,4479330.08,-178782.63999999966
5581,3316911.29,3345535.47,28624.180000000168
5424,3746226.41,3845941.33,99714.91999999993
4953,4011825.48,4056743.35,44917.87000000011
5895,3093023.16,3339206.65,246183.48999999976
5775,3612268.15,3611097.41,-1170.7399999997579
5618,3457623.16,3515593.67,57970.50999999978
5304,3988744.79,3941830.01,-46914.78000000026
5147,3513271.0799999996,3879387.8,366116.7200000002
5932,3139361.82,3797149.09,657787.27
6089,3316305.97,3541810.94,225504.96999999974
5461,4268481.149999999,4222782.42,-45698.729999999516
4990,3967433.42,3859263.18,-108170.23999999976
5341,3908760.24,3743955.62,-164804.6200000001
5655,3522769.37,3713956.61,191187.23999999976
6126,4387294.33,4396119.08,8824.75
5184,3805725.99,3730821.22,-74904.77000000002
5027,3877930.72,3875650.18,-2280.5400000000373
5969,3142832.7299999995,3266742.12,123909.3900000006
5812,4189909.79,4111317.2,-78592.58999999985
5498,3830009.08,3619034.35,-210974.72999999998
5535,3919970.15,3852024.57,-67945.58000000007
5221,4296992.619999999,4269345.69,-27646.92999999877
5064,3370577.87,3926688.38,556110.5099999998
5692,3311459.76,3576083.81,264624.0500000003
5849,4600898.51,4613230.4,12331.890000000596
5378,3539828.21,3799457.17,259628.95999999996
6006,4062550.67,4031952.14,-30598.529999999795
6043,4396625.02,4374050.01,-22575.009999999776
5729,4038758.54,4204539.07,165780.53000000026
5886,3645970.43,3620040.16,-25930.27000000002
4944,4327700.069999999,4027736.5,-299963.56999999937
5415,3729346.34,3763499.37,34153.03000000026
5258,4509349.9,4434910.35,-74439.55000000075
5101,4691782.9,4547694.58,-144088.3200000003
5572,4408510.92,4354457.39,-54053.53000000026
5138,4264056.52,4167141.85,-96914.66999999946
4981,4194566.4,3982416.73,-212149.6700000004
5609,3833599.84,3830296.37,-3303.4699999997392
5766,3786666.38,3786379.53,-286.85000000009313
5452,4182130.7,4194423.05,12292.349999999627
6080,3951712.36,3835439.45,-116272.90999999968
5923,4327196.16,4235984.85,-91211.31000000052
5295,3977622.14,3927623.14,-49999.0
5332,3780326.15,3858826.38,78500.22999999998
5803,3591902.45,3669048.8,77146.34999999963
5018,3761428.7000000007,3613932.16,-147496.5400000005
5175,3794044.73,3809599.29,15554.560000000056
6117,4416787.2,4477816.43,61029.229999999516
5489,4059081.79,4029466.29,-29615.5
5960,3209570.5999999996,3386717.96,177147.36000000034
5646,3349216.2699999996,3578503.57,229287.30000000028
5055,3543295.24,3355949.2,-187346.04000000004
5212,3690647.49,3834965.01,144317.51999999955
5526,3660747.27,3744510.48,83763.20999999996
5997,3843548.03,3814092.73,-29455.299999999814
5683,3246166.4099999997,3004399.25,-241767.15999999968
5369,3679338.669999999,3795761.7,116423.03000000119
5840,4439667.18,4302430.43,-137236.75
5877,3557199.0300000003,3747979.22,190780.18999999994
6034,4128911.99,4146856.25,17944.259999999776
5249,3794219.09,4035633.88,241414.79000000004
4935,4258950.82,3721505.35,-537445.4700000002
5406,3439708.5400000005,3617199.47,177490.9299999997
5092,4555270.3,4476089.29,-79181.00999999978
5720,4185997.36,4228620.26,42622.89999999991
5563,4104089.439999999,4018854.34,-85235.09999999916
5129,4040510.07,3988741.26,-51768.810000000056
6071,3798236.46,3817618.47,19382.010000000242
5443,4192598.53,4100991.22,-91607.30999999959
5286,4289870.0600000005,4091810.42,-198059.6400000006
5600,3876893.99,3816272.34,-60621.65000000037
4972,4229234.34,4234946.12,5711.780000000261
5757,3940090.03,3969822.54,29732.510000000242
5914,3864327.16,3918081.94,53754.779999999795
5009,3976968.79,3929389.06,-47579.72999999998
6108,4054924.73,3961903.52,-93021.20999999996
5166,4354574.44,4299646.65,-54927.79000000004
5951,3755330.290000001,3846045.66,90715.36999999918
5794,4063404.5,4033498.12,-29906.37999999989
5637,3906921.9,4108103.66,201181.76000000024
5323,4097815.57,4116448.12,18632.55000000028
5480,4185973.56,4159448.63,-26524.930000000168
5203,4189765.33,3932090.83,-257674.5
5360,3854004.64,3831650.75,-22353.89000000013
5517,3810747.45,3835199.03,24451.57999999961
5674,3080779.0599999996,3555488.47,474709.4100000006
5831,4480100.3,4492790.86,12690.560000000522
6145,4280739.22,4401395.77,120656.54999999981
5988,3770068.87,3919336.5,149267.6299999999
5046,4157061.86,4043942.74,-113119.11999999965
4926,3892198.2,3957453.93,65255.72999999998
5868,3394074.08,3190216.67,-203857.41000000015
6025,3532431.65,3518902.04,-13529.60999999987
5554,4159597.47,4046277.87,-113319.6000000001
5397,3515359.62,3616462.22,101102.6000000001
5083,3554250.93,3662901.96,108651.0299999998
5240,4153382.729999999,4109128.34,-44254.3899999992
5711,4358210.27,4285745.32,-72464.94999999925
5120,4311284.58,4315744.67,4460.089999999851
6062,4066492.62,4003303.61,-63189.01000000024
5434,3721793.94,3609014.48,-112779.45999999996
4963,3918244.41,3820341.63,-97902.78000000026
5905,4087761.89,4035323.05,-52438.84000000032
5591,3720120.47,3692093.32,-28027.150000000373
5748,3895769.66,3863483.35,-32286.310000000056
5277,3809215.36,4068782.03,259566.66999999993
5314,4089511.25,3884186.89,-205324.35999999987
5942,3911941.77,3770302.39,-141639.3799999999
5628,3971055.5,3752429.21,-218626.29000000004
5785,3497914.2800000003,3327840.0,-170074.28000000026
5000,4150405.42,3903240.98,-247164.43999999994
6099,3309555.01,3441728.13,132173.1200000001
5157,3505937.47,3658083.33,152145.85999999987
5471,4185583.67,4099049.76,-86533.91000000015
5194,3893789.91,3839720.24,-54069.669999999925
5665,3421670.63,3424058.08,2387.4500000001863
5351,3557763.49,3683397.28,125633.78999999957
5822,3476964.85,3719774.88,242810.0299999998
5508,3597035.83,3698263.83,101228.0
5037,3743405.49,3546063.72,-197341.77000000002
5979,3039040.6900000004,3397274.81,358234.11999999965
6136,4341966.6899999995,4215168.49,-126798.19999999925
5231,4261425.61,4237461.59,-23964.020000000484
5859,4518947.13,4406509.81,-112437.3200000003
5388,3486982.51,3783041.14,296058.63000000035
5545,4228669.13,4171219.81,-57449.31999999983
5074,4128975.24,3782898.63,-346076.61000000034
6016,3952432.31,3980742.33,28310.02000000002
5702,4417368.529999999,4465668.89,48300.360000000335
5111,4643090.77,4498596.11,-144494.65999999922
5896,3784470.71,3703265.06,-81205.6499999999
4954,4225873.11,4158889.27,-66983.84000000032
5425,4232047.5,4224768.18,-7279.320000000298
5582,3833696.62,3874824.45,41127.830000000075
5268,3985052.7,3944446.73,-40605.970000000205
6053,4246479.1,4171950.88,-74528.21999999974
5739,4361637.73,4213311.8,-148325.93000000063
4991,4254428.03,4287675.77,33247.73999999929
5462,4007883.24,3934143.91,-73739.33000000007
5776,3681902.28,3649752.96,-32149.319999999832
6090,3632319.59,3726974.63,94655.04000000004
5619,3308745.7,3662590.69,353844.98999999976
5305,4005226.26,4019332.25,14105.990000000224
5933,3899266.83,3527943.71,-371323.1200000001
5148,4318762.33,4173738.95,-145023.3799999999
5499,3217877.32,3332929.35,115052.03000000026
5970,3377995.57,3345852.99,-32142.57999999961
5656,3677587.83,3739077.77,61489.939999999944
5185,3462569.06,3705053.1,242484.04000000004
5813,3679224.57,3527498.85,-151725.71999999974
5342,3464611.06,3470203.14,5592.0800000000745
5028,3249088.3899999997,3522682.4,273594.01000000024
6127,4461811.53,4432891.11,-28920.419999999925
5065,3825776.68,3828416.41,2639.7299999999814
5693,3358333.52,3428378.18,70044.66000000015
6007,3500178.3600000003,3620427.04,120248.6799999997
5222,3914573.41,3888187.5,-26385.91000000015
5850,3908198.58,3989240.4,81041.81999999983
5536,4425306.220000001,4242793.3,-182512.92000000086
5379,3487348.2,3585994.8,98646.59999999963
5259,4363121.23,4009108.15,-354013.08000000054
5887,3565771.57,3510950.55,-54821.02000000002
6044,4300634.9799999995,4237096.26,-63538.71999999974
4945,4268091.89,4244653.78,-23438.109999999404
5730,3889743.16,4027088.34,137345.1799999997
5416,3802775.66,3984379.86,181604.19999999972
5573,3901832.52,4080154.76,178322.23999999976
5102,4720835.57,4516294.46,-204541.11000000034
6081,4048552.96,3975768.62,-72784.33999999985
5139,3509278.0700000003,3701048.21,191770.13999999966
4982,3875659.0,3984300.59,108641.58999999985
5767,3764928.38,3884637.29,119708.91000000015
5610,3170860.67,3609670.16,438809.4900000002
5296,4035964.2,3932014.27,-103949.93000000017
5924,4098638.41,4184207.03,85568.61999999965
5453,3939447.76,3944056.4,4608.64000000013
5804,3588211.44,3896790.43,308578.9900000002
5176,4218805.76,4242303.31,23497.549999999814
5647,3454104.18,3701157.72,247053.54000000004
5019,3195610.41,3170377.91,-25232.5
5961,3210315.16,3366045.58,155730.41999999993
6118,4512516.99,4270886.64,-241630.35000000056
5333,3775650.18,3860979.97,85329.79000000004
5490,4174850.37,4202241.26,27390.889999999665
5527,3424100.56,3401108.65,-22991.91000000015
5998,3693221.98,3564436.17,-128785.81000000006
5684,3314585.51,2968810.69,-345774.81999999983
5841,4449044.3,4351288.07,-97756.22999999952
5370,3671904.71,3589157.48,-82747.22999999998
5056,3467688.49,3449929.28,-17759.21000000043
5213,4052087.439999999,3543177.71,-508909.72999999905
5564,3924921.09,3811114.62,-113806.46999999974
5250,3705770.38,4043555.87,337785.4900000002
5878,3381298.46,3308562.89,-72735.56999999983
4936,3812468.5,3759727.39,-52741.10999999987
5407,3406732.77,3166499.54,-240233.22999999998
6035,3853857.290000001,3864138.53,10281.239999998827
5721,3876387.6400000006,3959494.14,83106.49999999953
5093,4357299.279999999,4442416.58,85117.30000000075
4973,4181775.62,4122795.53,-58980.09000000032
6072,3792344.399999999,3523860.05,-268484.34999999916
5601,3480202.8299999996,3656110.5,175907.6700000004
5758,3398061.74,3392121.33,-5940.410000000149
5287,3150030.1900000004,3549545.96,399515.76999999955
5444,3545910.96,3488207.25,-57703.70999999996
5915,3692674.4700000007,3666000.71,-26673.760000000708
5130,3727615.12,3854979.07,127363.94999999972
5010,3699710.02,3697660.63,-2049.3900000001304
5638,3843180.6,3949554.72,106374.12000000011
5952,3884340.9,3814310.48,-70030.41999999993
5481,4097457.81,4181445.22,83987.41000000015
5167,3912692.040000001,4074531.95,161839.90999999922
6109,3422756.3199999994,3622667.46,199911.1400000006
5324,4012810.42,3864047.5,-148762.91999999993
5795,3694933.4,3863860.81,168927.41000000015
5361,3564819.55,3597565.3,32745.75
6146,4389189.66,4365110.81,-24078.85000000056
5047,4053206.29,3853656.2,-199550.08999999985
5832,4461449.2,4380164.04,-81285.16000000015
5518,3739193.729999999,3638794.36,-100399.36999999918
5675,3313022.9800000004,3512980.38,199957.39999999944
5204,3586440.95,3872031.07,285590.11999999965
5989,3863241.05,3885201.42,21960.37000000011
5084,4149476.87,4202752.27,53275.39999999944
5555,4328936.96,4318048.59,-10888.370000000112
5869,3143310.2699999996,3525677.23,382366.9600000004
5712,4354396.18,4388598.72,34202.54000000004
5398,3850023.0,3846539.86,-3483.1400000001304
5241,4198592.3100000005,3719053.0,-479539.3100000005
4927,3922488.4,3930724.81,8236.410000000149
6026,3406105.76,3643144.83,237039.0700000003
5749,3168402.98,3504581.76,336178.7799999998
5278,3582895.85,3564138.11,-18757.740000000224
5906,3967901.66,3890232.23,-77669.43000000017
5592,3413431.26,3238104.61,-175326.6499999999
6063,3966847.98,3582309.5,-384538.48
5435,4019179.35,4195806.33,176626.97999999998
4964,4142323.93,4182562.91,40238.97999999998
5121,4192061.61,4072546.17,-119515.43999999994
5629,3347447.11,3334508.45,-12938.659999999683
5158,3458831.42,3539832.01,81000.58999999985
6100,3580538.39,3873649.51,293111.11999999965
5472,3957577.23,3804502.55,-153074.68000000017
5315,3764107.58,3866598.7,102491.12000000011
5786,3670517.45,3681008.66,10491.209999999963
5943,3814073.57,3849654.38,35580.810000000056
5001,3672704.29,3817633.79,144929.5
5666,3142265.3299999996,3209771.37,67506.0400000005
5823,4272668.2,4020715.87,-251952.33000000007
5352,3292135.42,3293742.95,1607.5300000002608
5038,3542625.1799999997,3520594.98,-22030.19999999972
5195,3738322.39,3940530.86,202208.46999999974
6137,3473300.23,3392509.09,-80791.14000000013
5509,3583753.6999999997,3470460.27,-113293.4299999997
5980,3605615.94,3571593.76,-34022.18000000017
5703,4350335.0,4213081.6,-137253.40000000037
5232,3738902.11,4159383.66,420481.5500000003
5075,4089393.61,3883284.04,-206109.56999999983
5546,4397575.92,4144384.81,-253191.10999999987
5389,3293455.26,3371827.75,78372.49000000022
5860,4560980.04,4390063.13,-170916.91000000015
6017,4141855.61,3928497.24,-213358.36999999965
5897,3604514.49,3758749.69,154235.19999999972
4955,3876263.95,3983175.96,106912.00999999978
5740,4365074.73,4288931.99,-76142.74000000022
5112,4251451.359999999,4495032.01,243580.65000000037
5269,4449907.779999999,4170948.95,-278958.82999999914
6054,3761886.69,4162051.82,400165.1299999999
5426,3957378.560000001,3701143.55,-256235.01000000117
5583,3914032.41,3514097.19,-399935.2200000002
4992,3939235.040000001,3961776.1,22541.059999999125
5620,3892268.3199999994,3922155.52,29887.200000000652
5306,4088336.75,4096760.75,8424.0
5463,4329343.2,4284793.36,-44549.83999999985
5149,4224703.14,4081449.45,-143253.68999999948
5934,3812660.05,3823920.64,11260.590000000317
5777,3802577.52,3665226.11,-137351.41000000015
6091,3601551.850000001,3669577.34,68025.48999999883
6128,3823753.3599999994,3631293.46,-192459.89999999944
5186,3664351.43,3693707.48,29356.049999999814
5029,3522008.12,3542658.73,20650.60999999987
5343,3396996.44,3606777.98,209781.54000000004
5657,3906929.21,3642065.41,-264863.7999999998
5500,3768185.05,3710525.15,-57659.89999999991
5971,2983873.29,3208975.94,225102.6499999999
5814,3168142.88,3555291.97,387149.0900000003
5537,4105769.16,3968243.99,-137525.16999999993
5694,2939425.77,3310340.55,370914.7799999998
6008,3252464.37,3428166.07,175701.69999999972
5851,4412243.45,4159139.03,-253104.4200000004
5223,3899879.17,3707836.53,-192042.64000000013
5066,3617043.23,3574934.24,-42108.98999999976
5380,3417782.1,3465206.26,47424.15999999968
4946,3695877.1,3922708.62,226831.52000000002
5731,3482176.38,3649460.11,167283.72999999998
5888,3354987.28,3262597.04,-92390.23999999976
5574,3738698.14,4182579.74,443881.6000000001
6045,4066547.97,3935640.49,-130907.47999999998
5417,4103949.3,3949363.98,-154585.31999999983
5260,4268321.8100000005,4053876.84,-214444.97000000067
5103,4210665.050000001,4075066.17,-135598.88000000082
6082,3639233.9,3557482.65,-81751.25
5297,3984037.3,3999971.08,15933.78000000026
5925,3594571.54,3635937.07,41365.529999999795
5611,3419880.42,3438328.96,18448.540000000037
5454,4229557.05,4236633.94,7076.890000000596
5140,3710778.810000001,3815842.37,105063.55999999912
4983,3738034.89,3949432.62,211397.72999999998
5768,3343478.6,3483197.9,139719.2999999998
5805,3740663.86,3881680.54,141016.68000000017
5491,4278747.33,4185809.05,-92938.28000000026
5334,3749506.82,3635670.05,-113836.77000000002
5020,3502900.16,3500458.88,-2441.2800000002608
5648,4022071.33,3808335.03,-213736.30000000028
5177,4263950.82,4162885.64,-101065.18000000017
6119,4453380.18,4457208.8,3828.6200000001118
5962,3897310.7,3771919.36,-125391.34000000032
5685,3745834.35,3571465.52,-174368.83000000007
5057,4016692.209999999,3883220.84,-133471.36999999918
5371,4041091.06,3938398.95,-102692.10999999987
5842,4503194.02,4295918.76,-207275.25999999978
5528,3946857.270000001,3872896.98,-73960.29000000097
5214,4030088.99,3907684.47,-122404.52000000002
5999,3175328.65,3673306.77,497978.1200000001
5251,3978538.62,4100447.64,121909.02000000002
5879,3112974.5300000003,3182947.64,69973.10999999987
5408,3280031.4399999995,3244846.35,-35185.089999999385
5094,3806671.41,4143058.11,336386.6999999997
5565,4106572.25,4047465.17,-59107.080000000075
4937,4041156.13,3717023.47,-324132.6599999997
6036,4025409.53,4221647.2,196237.6700000004
5722,3906341.24,3933663.3,27322.05999999959
5445,3505600.1100000003,3308418.6,-197181.51000000024
5131,4117420.02,4036880.42,-80539.6000000001
5288,3541925.4699999997,3551303.66,9378.19000000041
4974,3749303.62,3912695.08,163391.45999999996
5916,2923468.23,3273905.99,350437.76000000024
5759,3156102.18,3082373.77,-73728.41000000015
5602,3167782.8400000003,3296405.79,128622.94999999972
6073,3876903.83,3422607.28,-454296.5500000003
6110,4130563.38,3993394.05,-137169.33000000007
5953,3451918.93,3209583.42,-242335.51000000024
5482,3876400.02,3858695.06,-17704.959999999963
5325,3881280.05,3612437.12,-268842.9299999997
5168,3472948.46,3823085.77,350137.31000000006
5796,3985981.2,3703475.05,-282506.1500000004
5011,3408229.0700000003,3398606.88,-9622.19000000041
5639,3684767.49,3932630.0,247862.50999999978
5205,4071960.81,4086512.79,14551.979999999981
6147,4284787.35,4190588.87,-94198.47999999952
5833,4551204.22,4322579.63,-228624.58999999985
5048,3806920.16,3744295.44,-62624.720000000205
5519,3946528.48,3606788.88,-339739.6000000001
5676,2874687.63,3387423.19,512735.56000000006
5990,3643082.92,3706293.16,63210.24000000022
5362,3666783.56,3746169.69,79386.12999999989
5870,3748848.41,3678928.36,-69920.05000000028
5242,4051204.89,3917030.95,-134173.93999999994
5713,4373144.0,4422514.83,49370.830000000075
6027,3768214.32,3879484.11,111269.79000000004
4928,4002886.95,4227888.26,225001.3099999996
5085,4286281.59,4387630.9,101349.31000000052
5556,4066713.97,4271870.48,205156.51000000024
5399,3526393.5799999996,3843666.49,317272.9100000006
5907,3939827.92,3829232.67,-110595.25
6064,4357135.73,4288621.78,-68513.95000000019
5122,4595604.67,4217356.14,-378248.53000000026
5750,3720614.17,3732191.27,11577.100000000093
5593,3499506.42,3732169.15,232662.72999999998
5436,3788476.81,3827958.19,39481.37999999989
5279,3976578.75,3705188.74,-271390.0099999998
4965,4356263.26,4322576.87,-33686.389999999665
5944,3359974.0999999996,3767348.37,407374.2700000005
5002,4219388.04,4236614.39,17226.349999999627
5159,3875306.68,3881729.6,6422.9199999999255
5787,3871506.47,3643805.85,-227700.6200000001
6101,3942060.37,3884364.24,-57696.12999999989
5316,3458049.5599999996,3674414.99,216365.43000000063
5473,4048910.19,3996677.34,-52232.85000000009
5630,3220367.7199999997,3439429.24,219061.52000000048
5196,3685841.86,3523232.18,-162609.6799999997
5510,3573844.5700000003,3268432.12,-305412.4500000002
5667,3200360.08,3383449.58,183089.5
6138,3868565.5,3930300.97,61735.470000000205
5353,3778019.07,3515929.47,-262089.59999999963
5981,3361902.06,3388911.69,27009.62999999989
5039,3366901.41,3458049.32,91147.90999999968
5824,4190499.2600000007,4233242.49,42743.229999999516
5233,3836418.34,3657887.52,-178530.81999999983
5704,4223446.01,4030575.95,-192870.0599999996
6018,3713742.55,3761483.26,47740.70999999996
5390,3561909.3200000003,3628737.94,66828.61999999965
5076,3598562.28,3778763.6,180201.3200000003
5547,3974064.88,4037809.12,63744.24000000022
5861,3776966.3,4096626.37,319660.0700000003
5270,4326173.6899999995,4293344.01,-32829.6799999997
5584,3321444.35,3450387.79,128943.43999999994
4956,3730043.07,4002002.63,271959.56000000006
5898,3579105.6799999997,3528491.5,-50614.1799999997
5113,4664429.609999999,4446343.32,-218086.2899999991
5741,4029047.93,3895194.1,-133853.83000000007
6055,4341265.029999999,4278454.87,-62810.15999999922
5427,4156884.05,4052517.35,-104366.69999999972
6092,4012073.98,3956163.37,-55910.60999999987
4993,4316455.05,4243262.49,-73192.55999999959
5778,3799271.77,3736533.0,-62738.77000000002
5621,3829408.26,3989531.51,160123.25
5307,4112161.13,4003938.02,-108223.10999999987
5464,3999490.77,4097342.16,97851.39000000013
5935,3640623.11,4032657.52,392034.41000000015
5150,3986276.73,3890472.88,-95803.8500000001
5815,3661893.13,3854360.59,192467.45999999996
5030,3941379.46,3810479.46,-130900.0
5972,3767359.54,3729224.37,-38135.169999999925
5501,3454092.02,3418119.87,-35972.14999999991
6129,3931575.45,4196448.94,264873.4900000002
5187,4064150.96,3893063.52,-171087.43999999994
5658,4090855.2,3982121.74,-108733.45999999996
5344,3504516.6100000003,3514122.13,9605.519999999553
5695,3719351.48,3515128.36,-204223.1200000001
5381,3217066.7,2987850.43,-229216.27000000002
5538,3821357.11,3952922.23,131565.1200000001
5067,3754998.51,3862560.09,107561.58000000007
6009,3808114.47,3767479.14,-40635.330000000075
5224,4297694.49,3784744.93,-512949.56000000006
5852,4084265.17,4122501.57,38236.39999999991
5104,4206482.75,4071974.32,-134508.43000000017
5575,3795080.16,3944651.87,149571.70999999996
4947,3624175.66,3726621.54,102445.87999999989
5889,3373228.94,3493498.44,120269.5
5732,4235129.87,4063818.25,-171311.6200000001
5418,3380967.87,3459901.17,78933.29999999981
5261,3661571.63,3662434.16,862.5300000002608
6046,3815060.99,3890048.01,74987.01999999955
4984,4025664.42,4022807.31,-2857.1099999998696
5769,3639565.520000001,3644446.51,4880.9899999988265
5298,3906664.38,3689482.24,-217182.13999999966
5141,3750041.94,3994789.78,244747.83999999985
5612,3106193.41,3230457.65,124264.23999999976
5926,3801903.42,3840691.41,38787.99000000022
5455,3901786.54,3670205.36,-231581.18000000017
6083,3635701.56,3601667.2,-34034.35999999987
6120,4027513.84,4067251.49,39737.65000000037
5963,3629153.37,3431657.37,-197496.0
5021,3892933.05,3628030.21,-264902.83999999985
5806,4239942.42,4080401.88,-159540.54000000004
5178,3984989.060000001,3837411.59,-147577.47000000114
5649,3901500.250000001,3915958.65,14458.399999998976
5335,3534769.9800000004,3763339.05,228569.06999999937
5492,4237917.02,4211089.26,-26827.759999999776
5529,3829261.01,3674349.14,-154911.86999999965
5843,4566416.68,4397986.21,-168430.46999999974
5058,3677423.51,3791089.99,113666.48000000045
5215,3568005.1,3911907.65,343902.5499999998
5686,3592757.29,3467745.11,-125012.18000000017
6000,3505170.91,3572365.97,67195.06000000006
5372,3822547.8,3722565.51,-99982.29000000004
5723,4217118.37,4162571.27,-54547.10000000009
5566,4340300.300000001,4334225.33,-6074.970000000671
5409,3779172.8,3505641.13,-273531.6699999999
5880,3426709.85,3414771.0,-11938.850000000093
6037,4385410.62,4276051.29,-109359.33000000007
5252,4566693.6899999995,4019852.76,-546840.9299999997
5095,4683149.62,4551929.69,-131219.9299999997
4938,4251146.74,4088358.22,-162788.52000000002
5603,3644216.68,3290447.95,-353768.73
5289,3631950.94,3615544.61,-16406.330000000075
5132,3999268.54,3953318.35,-45950.189999999944
5760,3240381.15,3353099.01,112717.85999999987
4975,3706459.11,3724192.63,17733.52000000002
5446,4005295.83,3716170.1,-289125.73
5917,4061198.100000001,4105799.22,44601.11999999918
6074,3190016.1700000004,3205263.36,15247.189999999478
5954,3766646.78,3560454.15,-206192.6299999999
5326,3825241.36,3577491.59,-247749.77000000002
5797,3281133.12,3411455.35,130322.22999999998
6111,3510687.26,3683734.58,173047.3200000003
5640,3373217.28,3458344.94,85127.66000000015
5012,3133656.83,3279881.67,146224.83999999985
5169,3481888.49,3513044.77,31156.279999999795
5483,3867300.86,4117973.5,250672.64000000013
5520,3860238.32,3660186.42,-200051.8999999999
5834,3797057.93,3977920.58,180862.6499999999
5363,3422953.76,3293412.85,-129540.90999999968
5206,4036707.52,3951576.95,-85130.56999999983
5991,3748143.02,3746345.67,-1797.3500000000931
5677,3114631.24,3063068.27,-51562.970000000205
6148,3785810.82,3974422.65,188611.83000000007
5049,3638854.28,3754066.16,115211.88000000035
5086,4296313.1,4359810.91,63497.81000000052
6028,3727434.1,3976223.14,248789.04000000004
5243,4139876.350000001,4128178.11,-11698.240000001155
5714,4339572.6,4278784.41,-60788.18999999948
5400,3946057.03,3759591.64,-186465.38999999966
5871,3632718.43,3441357.83,-191360.6000000001
4929,4305873.19,4188945.12,-116928.0700000003
5557,4210174.220000001,4321966.5,111792.27999999933
5908,3897127.37,4097810.95,200683.58000000007
6065,4132908.11,3970042.11,-162866.0
5751,4091894.17,4039394.02,-52500.14999999991
4966,4197182.48,4221318.12,24135.639999999665
5437,3964823.060000001,3578355.27,-386467.79000000097
5123,4493536.62,4346317.22,-147219.40000000037
5594,3745539.91,3434083.9,-311456.01000000024
5280,3698141.63,3892112.51,193970.8799999999
5160,4309218.350000001,4142893.07,-166325.28000000073
5003,3863884.68,3942689.51,78804.82999999961
5474,4296506.86,4219405.72,-77101.1400000006
5317,4097297.83,4042578.03,-54719.80000000028
6102,3696789.53,3706182.23,9392.700000000186
5788,4137578.54,3962640.63,-174937.91000000015
5945,3743199.93,3891893.99,148694.06000000006
5631,3832999.73,3933046.09,100046.35999999987
5354,3661425.42,3473917.85,-187507.56999999983
5668,3622203.7,3531915.6,-90288.1000000001
5511,3645059.560000001,3437609.54,-207450.02000000095
5040,3114000.94,3251297.62,137296.68000000017
5825,3843092.04,4041259.18,198167.14000000013
5982,3571634.5300000003,3534053.38,-37581.15000000037
5197,3734223.48,3583651.93,-150571.5499999998
6139,4276231.64,4364540.86,88309.22000000067
5548,4048492.21,3923770.73,-124721.47999999998
6019,3811604.23,3642674.34,-168929.89000000013
5234,3612916.899999999,3625633.11,12716.210000000894
5077,2969854.43,3497084.06,527229.6299999999
5391,3161013.6599999997,3273914.12,112900.46000000043
5862,4276524.43,4333161.4,56636.97000000067
5705,4055640.17,3953338.98,-102301.18999999994
4957,3992696.76,3744325.68,-248371.0799999996
5899,3248582.45,3382616.49,134034.04000000004
5428,3989332.58,3803977.62,-185354.95999999996
6056,3764092.03,3645939.18,-118152.84999999963
5271,3822760.92,3907449.34,84688.41999999993
5114,3912959.31,4057862.49,144903.18000000017
5742,3623600.77,3549097.74,-74503.0299999998
5585,3606941.56,3597737.12,-9204.439999999944
4994,4224323.79,4258513.3,34189.50999999978
5151,4347070.28,4318088.7,-28981.580000000075
6093,3926066.2,3886519.76,-39546.44000000041
5465,3947324.51,4008873.16,61548.65000000037
5308,4012162.7,3957124.16,-55038.54000000004
5936,3738491.18,3904251.26,165760.0799999996
5622,4188796.95,4049880.5,-138916.4500000002
5779,3887888.31,3646716.07,-241172.24000000022
5502,3847251.16,3772562.91,-74688.25
5345,3690366.79,3537998.83,-152367.95999999996
5659,3660275.28,3638078.05,-22197.22999999998
5188,4206750.91,4119801.19,-86949.7200000002
5973,3844910.55,3735656.59,-109253.95999999996
5031,3389107.74,3410944.36,21836.619999999646
5816,3835564.76,3921475.07,85910.31000000006
6130,4290914.7700000005,4245957.84,-44956.93000000063
5539,4272968.57,4192697.0,-80271.5700000003
5068,3978738.79,3991369.12,12630.330000000075
5382,3579492.65,3718928.51,139435.85999999987
5225,3932396.9,4033366.29,100969.39000000013
5696,3465638.99,3397971.11,-67667.88000000035
5853,4154295.56,4381505.21,227209.6499999999
6010,3539887.34,3653914.33,114026.99000000022
5105,4250732.48,4104502.39,-146230.09000000032
5733,3927695.47,4106467.03,178771.5599999996
5262,4438006.46,4366139.19,-71867.26999999955
5890,3150247.22,3108640.87,-41606.35000000009
4948,4116896.55,3831749.33,-285147.21999999974
6047,3226521.55,3638055.22,411533.6700000004
5576,3857933.78,3863340.7,5406.920000000391
5419,3902080.22,3742924.67,-159155.55000000028
5142,3667024.9,3649194.84,-17830.060000000056
5613,3324528.46,3338435.55,13907.089999999851
5927,3847324.810000001,4035179.2,187854.3899999992
5299,3399179.0700000003,3488093.66,88914.58999999985
5770,3558327.06,3501505.02,-56822.04000000004
5456,4024696.76,4011361.54,-13335.21999999974
6084,3482072.89,3692528.87,210455.97999999998
4985,3909170.92,4045790.32,136619.3999999999
5650,3757077.65,3724732.33,-32345.319999999832
5807,3152185.7,3365682.55,213496.84999999963
5022,3837095.21,3781991.51,-55103.700000000186
5336,3499348.91,3514479.41,15130.5
5179,4116595.2,4061372.33,-55222.87000000011
6121,3763117.87,3538344.63,-224773.24000000022
5964,3108394.08,3200909.55,92515.46999999974
5493,3862672.8700000006,3948041.32,85368.44999999925
5059,3684979.58,3740600.39,55620.810000000056
5844,4509232.74,4505151.65,-4081.089999999851
5530,3845951.78,3509146.44,-336805.33999999985
5216,4252477.17,4269084.12,16606.950000000186
6001,4068928.560000001,4088429.27,19500.70999999903
5687,3648744.06,3639431.1,-9312.959999999963
5373,3943668.83,3828211.26,-115457.5700000003
5410,3739488.93,3850474.2,110985.27000000002
5096,4490346.22,4349488.47,-140857.75
5253,3954221.32,4252873.56,298652.23999999976
6038,4213553.59,4097149.86,-116403.72999999998
5567,4228095.640000001,4133595.18,-94500.46000000043
4939,3998834.57,3949656.37,-49178.19999999972
5724,4310204.22,4342867.68,32663.459999999963
5881,3723978.51,3782604.62,58626.110000000335
4976,4151761.47,4005722.24,-146039.22999999998
5133,3840135.86,3749147.79,-90988.06999999983
5290,3997119.52,4003534.65,6415.129999999888
6075,3795639.91,3639395.53,-156244.38000000035
5447,4047386.22,4065203.47,17817.25
5918,3894461.540000001,3744014.52,-150447.02000000095
5604,3918998.12,3945226.31,26228.189999999944
5761,4050176.7,3856656.84,-193519.86000000034
5641,3874183.84,3968419.43,94235.59000000032
5798,3637517.91,3728517.85,90999.93999999994
5327,3918386.310000001,3748798.11,-169588.20000000112
5484,4003318.86,3817731.27,-185587.58999999985
5013,3336733.77,3530393.91,193660.14000000013
6112,4010831.87,4011185.57,353.6999999997206
5170,3512447.7,3608489.97,96042.27000000002
5955,3124300.24,3455685.72,331385.48
6149,3987351.9,3970685.22,-16666.679999999702
5835,4525966.28,4373464.1,-152502.18000000063
5364,3750452.12,3706731.96,-43720.16000000015
5678,2684431.28,3022354.19,337922.91000000015
5050,3785685.39,3674117.81,-111567.58000000007
5521,3356299.6899999995,3249303.68,-106996.00999999931
5207,3208139.5500000003,3261988.76,53849.2099999995
5992,3739222.56,3522853.82,-216368.74000000022
4930,4203940.72,4158991.53,-44949.189999999944
5872,3670545.59,3580741.94,-89803.6499999999
5244,4038347.95,4047417.87,9069.919999999925
5401,3514055.35,3606920.23,92864.87999999989
5558,4038206.69,4165941.58,127734.89000000013
5087,4086750.62,4102944.04,16193.419999999925
6029,4289259.03,4012343.85,-276915.18000000017
5715,4398743.92,4349581.19,-49162.729999999516
5595,3475641.62,3451783.04,-23858.580000000075
5281,4272278.49,4489047.06,216768.56999999937
5752,3420021.6199999996,3549905.05,129883.43000000017
4967,4192833.35,4174065.02,-18768.330000000075
5124,4591364.01,4493926.16,-97437.84999999963
5438,3971388.82,3965934.5,-5454.319999999832
5909,4264817.29,4186844.15,-77973.14000000013
6066,3972773.18,4269040.6,296267.41999999946
5632,3943119.6,3715605.56,-227514.04000000004
5946,3625060.73,3764318.3,139257.56999999983
5004,3386014.49,3514835.94,128821.44999999972
5475,4233818.37,4163434.38,-70383.99000000022
5789,4025664.55,4006083.92,-19580.62999999989
5318,4133409.96,4079844.38,-53565.580000000075
5161,4288121.44,4106111.99,-182009.4500000002
6103,3996510.36,3860470.82,-136039.54000000004
5512,3892432.29,3749133.29,-143299.0
5826,4405438.319999999,4280889.03,-124549.2899999991
5669,3346887.33,3388803.62,41916.29000000004
5355,3938769.69,3781642.37,-157127.31999999983
5198,3961864.53,4147402.12,185537.59000000032
5041,3843279.32,3570135.0,-273144.31999999983
5983,3778328.33,3752958.43,-25369.899999999907
6140,3911609.62,4110585.15,198975.5299999998
